<?xml version="1.0" encoding="UTF-8"?>
<beans xmlns="http://www.springframework.org/schema/beans"
       xmlns:xsi="http://www.w3.org/2001/XMLSchema-instance"
       xmlns:context="http://www.springframework.org/schema/context"
       xmlns:p="http://www.springframework.org/schema/p"
       xsi:schemaLocation="http://www.springframework.org/schema/beans
	   		http://www.springframework.org/schema/beans/spring-beans-3.1.xsd
	   		http://www.springframework.org/schema/context

	   		http://www.springframework.org/schema/context/spring-context-3.1.xsd">
	   		<!-- load the property file -->
	   		<context:property-placeholder location="classpath:sport.properties"/>
<!--Define your beans here -->

<!--Define your dependecy  here -->
<bean id ="myFortune"
      class ="com.luv2code.springdemo.HappyFortuneService"></bean>
      
      
<bean id ="myCoach" 
      class="com.luv2code.springdemo.TrackCoach">
      
      <!-- set up constructor injection -->
      
      <constructor-arg ref= "myFortune"/>
      </bean>
      <bean id="myCricketCoach"
      class="com.luv2code.springdemo.CricketCoach">
      <!--  set up a setter injection -->
      <property name="fortuneService" ref="myFortune"></property>
      <!-- inject literal values -->
      <property name= "emailAddress" value="${foo.email}"/>
      <property name= "team" value ="${foo.team}"/>
      
      </bean>
      
     
      
      
      


</beans>